"","category","insertion_count","bp_size","basepair_prop","per_kb"
"count_utr5","utr5",22167,7367575,0.00349781212262988,3.00872403742073
"count_cds","cds",15161,41374458,0.0196428378075067,0.366433803193265
"count_introns","intron",12813,87657969,0.0416162857674763,0.146170395529013
"count_utr3","utr3",2036,11038316,0.00524052425909738,0.184448424922787
"count_intergenic","intergenic",7190,1959932612,0.930492875850093,0.00366849347573385
